Image,Label
1.jpg,0
2.jpg,0
3.jpg,1
4.jpg,1
5.jpg,0
6.jpg,0
7.jpg,1
8.jpg,1
9.jpg,1
10.jpg,0
11.jpg,0
12.jpg,1
13.jpg,1
14.jpg,1
15.jpg,0
16.jpg,1
17.jpg,0
18.jpg,1
19.jpg,1
20.jpg,0
21.jpg,0
22.jpg,0
23.jpg,0
24.jpg,1
25.jpg,0
26.jpg,1
27.jpg,1
28.jpg,0
29.jpg,0
30.jpg,0
31.jpg,1
32.jpg,0
33.jpg,1
34.jpg,0
35.jpg,1
36.jpg,0
37.jpg,0
38.jpg,1
39.jpg,0
40.jpg,0
41.jpg,0
42.jpg,0
43.jpg,1
44.jpg,1
45.jpg,1
46.jpg,0
47.jpg,0
48.jpg,1
49.jpg,1
50.jpg,1
51.jpg,1
52.jpg,1
53.jpg,0
54.jpg,0
55.jpg,1
56.jpg,0
57.jpg,1
58.jpg,0
59.jpg,0
60.jpg,0
61.jpg,1
62.jpg,0
63.jpg,1
64.jpg,1
65.jpg,1
66.jpg,0
67.jpg,0
68.jpg,0
69.jpg,1
70.jpg,1
71.jpg,1
72.jpg,1
73.jpg,1
74.jpg,0
75.jpg,0
76.jpg,1
77.jpg,0
78.jpg,0
79.jpg,0
80.jpg,0
81.jpg,1
82.jpg,1
83.jpg,1
84.jpg,0
85.jpg,1
86.jpg,1
87.jpg,0
88.jpg,0
89.jpg,1
90.jpg,0
91.jpg,0
92.jpg,1
93.jpg,1
94.jpg,0
95.jpg,1
96.jpg,0
97.jpg,1
98.jpg,1
99.jpg,0
100.jpg,0
101.jpg,1
102.jpg,1
103.jpg,0
104.jpg,1
105.jpg,0
106.jpg,0
107.jpg,1
108.jpg,1
109.jpg,1
110.jpg,1
111.jpg,1
112.jpg,0
113.jpg,1
114.jpg,0
115.jpg,0
116.jpg,1
117.jpg,0
118.jpg,1
119.jpg,0
120.jpg,1
121.jpg,0
122.jpg,1
123.jpg,1
124.jpg,0
125.jpg,1
126.jpg,1
127.jpg,0
128.jpg,1
129.jpg,0
130.jpg,1
131.jpg,1
132.jpg,1
133.jpg,0
134.jpg,1
135.jpg,1
136.jpg,0
137.jpg,0
138.jpg,0
139.jpg,1
140.jpg,0
141.jpg,1
142.jpg,0
143.jpg,0
144.jpg,1
145.jpg,1
146.jpg,1
147.jpg,1
148.jpg,1
149.jpg,0
150.jpg,0
151.jpg,1
152.jpg,0
153.jpg,1
154.jpg,0
155.jpg,1
156.jpg,0
157.jpg,0
158.jpg,1
159.jpg,0
160.jpg,0
161.jpg,1
162.jpg,1
163.jpg,0
164.jpg,1
165.jpg,0
166.jpg,0
167.jpg,0
168.jpg,0
169.jpg,0
170.jpg,1
171.jpg,1
172.jpg,0
173.jpg,0
174.jpg,0
175.jpg,0
176.jpg,0
177.jpg,1
178.jpg,1
179.jpg,1
180.jpg,0
181.jpg,1
182.jpg,0
183.jpg,0
184.jpg,0
185.jpg,1
186.jpg,1
187.jpg,0
188.jpg,1
189.jpg,0
190.jpg,0
191.jpg,1
192.jpg,1
193.jpg,0
194.jpg,0
195.jpg,0
196.jpg,1
197.jpg,0
198.jpg,0
199.jpg,1
200.jpg,1
201.jpg,1
202.jpg,0
203.jpg,0
204.jpg,0
205.jpg,1
206.jpg,1
207.jpg,1
208.jpg,1
209.jpg,0
210.jpg,0
211.jpg,1
212.jpg,0
213.jpg,1
214.jpg,1
215.jpg,0
216.jpg,1
217.jpg,0
218.jpg,1
219.jpg,0
220.jpg,1
221.jpg,0
222.jpg,0
223.jpg,1
224.jpg,1
225.jpg,0
226.jpg,0
227.jpg,0
228.jpg,0
229.jpg,0
230.jpg,0
231.jpg,1
232.jpg,1
233.jpg,0
234.jpg,0
235.jpg,0
236.jpg,1
237.jpg,1
238.jpg,1
239.jpg,0
240.jpg,1
241.jpg,0
242.jpg,0
243.jpg,1
244.jpg,0
245.jpg,1
246.jpg,0
247.jpg,0
248.jpg,0
249.jpg,0
250.jpg,1
251.jpg,0
252.jpg,0
253.jpg,1
254.jpg,1
255.jpg,0
256.jpg,0
257.jpg,0
258.jpg,0
259.jpg,0
260.jpg,1
261.jpg,0
262.jpg,1
263.jpg,1
264.jpg,1
265.jpg,1
266.jpg,1
267.jpg,1
268.jpg,1
269.jpg,1
270.jpg,1
271.jpg,1
272.jpg,0
273.jpg,1
274.jpg,0
275.jpg,0
276.jpg,0
277.jpg,0
278.jpg,1
279.jpg,0
280.jpg,0
281.jpg,0
282.jpg,1
283.jpg,0
284.jpg,0
285.jpg,1
286.jpg,0
287.jpg,1
288.jpg,1
289.jpg,1
290.jpg,1
291.jpg,1
292.jpg,0
293.jpg,1
294.jpg,0
295.jpg,1
296.jpg,0
297.jpg,0
298.jpg,1
299.jpg,1
300.jpg,1
301.jpg,0
302.jpg,0
303.jpg,1
304.jpg,1
305.jpg,1
306.jpg,0
307.jpg,1
308.jpg,0
309.jpg,1
310.jpg,1
311.jpg,0
312.jpg,1
313.jpg,1
314.jpg,1
315.jpg,0
316.jpg,0
317.jpg,0
318.jpg,0
319.jpg,1
320.jpg,1
321.jpg,1
322.jpg,0
323.jpg,1
324.jpg,0
325.jpg,1
326.jpg,1
327.jpg,0
328.jpg,1
329.jpg,0
330.jpg,0
331.jpg,1
332.jpg,0
333.jpg,0
334.jpg,1
335.jpg,1
336.jpg,0
337.jpg,1
338.jpg,0
339.jpg,0
340.jpg,0
341.jpg,0
342.jpg,0
343.jpg,1
344.jpg,0
345.jpg,1
346.jpg,1
347.jpg,0
348.jpg,0
349.jpg,1
350.jpg,0
351.jpg,0
352.jpg,0
353.jpg,1
354.jpg,0
355.jpg,0
356.jpg,0
357.jpg,1
358.jpg,0
359.jpg,0
360.jpg,1
361.jpg,1
362.jpg,0
363.jpg,1
364.jpg,0
365.jpg,0
366.jpg,0
367.jpg,1
368.jpg,0
369.jpg,0
370.jpg,1
371.jpg,1
372.jpg,1
373.jpg,1
374.jpg,0
375.jpg,1
376.jpg,0
377.jpg,1
378.jpg,0
379.jpg,1
380.jpg,0
381.jpg,1
382.jpg,1
383.jpg,0
384.jpg,0
385.jpg,0
386.jpg,1
387.jpg,1
388.jpg,0
389.jpg,0
390.jpg,0
391.jpg,0
392.jpg,1
393.jpg,0
394.jpg,0
395.jpg,1
396.jpg,0
397.jpg,0
398.jpg,1
399.jpg,0
400.jpg,1
401.jpg,1
402.jpg,0
403.jpg,1
404.jpg,0
405.jpg,0
406.jpg,1
407.jpg,0
408.jpg,0
409.jpg,1
410.jpg,1
411.jpg,1
412.jpg,0
413.jpg,1
414.jpg,0
415.jpg,1
416.jpg,0
417.jpg,1
418.jpg,1
419.jpg,1
420.jpg,0
421.jpg,1
422.jpg,1
423.jpg,0
424.jpg,1
425.jpg,1
426.jpg,0
427.jpg,1
428.jpg,0
429.jpg,0
430.jpg,0
431.jpg,0
432.jpg,0
433.jpg,0
434.jpg,0
435.jpg,1
436.jpg,1
437.jpg,1
438.jpg,1
439.jpg,1
440.jpg,0
441.jpg,1
442.jpg,1
443.jpg,1
444.jpg,1
445.jpg,0
446.jpg,0
447.jpg,1
448.jpg,0
449.jpg,1
450.jpg,1
451.jpg,0
452.jpg,1
453.jpg,0
454.jpg,0
455.jpg,1
456.jpg,1
457.jpg,1
458.jpg,1
459.jpg,0
460.jpg,0
461.jpg,0
462.jpg,1
463.jpg,1
464.jpg,1
465.jpg,0
466.jpg,1
467.jpg,1
468.jpg,1
469.jpg,0
470.jpg,1
471.jpg,0
472.jpg,0
473.jpg,0
474.jpg,1
475.jpg,0
476.jpg,0
477.jpg,1
478.jpg,0
479.jpg,0
480.jpg,1
481.jpg,1
482.jpg,1
483.jpg,0
484.jpg,0
485.jpg,0
486.jpg,0
487.jpg,0
488.jpg,1
489.jpg,1
490.jpg,1
491.jpg,0
492.jpg,1
493.jpg,0
494.jpg,1
495.jpg,0
496.jpg,1
497.jpg,0
498.jpg,1
499.jpg,1
500.jpg,0
501.jpg,1
502.jpg,1
503.jpg,1
504.jpg,0
505.jpg,0
506.jpg,1
507.jpg,0
508.jpg,0
509.jpg,0
510.jpg,1
511.jpg,1
512.jpg,0
513.jpg,0
514.jpg,1
515.jpg,0
516.jpg,1
517.jpg,0
518.jpg,0
519.jpg,1
520.jpg,0
521.jpg,1
522.jpg,1
523.jpg,0
524.jpg,0
525.jpg,1
526.jpg,1
527.jpg,1
528.jpg,0
529.jpg,1
530.jpg,0
531.jpg,0
532.jpg,0
533.jpg,1
534.jpg,0
535.jpg,0
536.jpg,1
537.jpg,1
538.jpg,1
539.jpg,1
540.jpg,1
541.jpg,1
542.jpg,0
543.jpg,1
544.jpg,0
545.jpg,1
546.jpg,0
547.jpg,1
548.jpg,0
549.jpg,1
550.jpg,1
551.jpg,1
552.jpg,1
553.jpg,0
554.jpg,1
555.jpg,1
556.jpg,0
557.jpg,0
558.jpg,1
559.jpg,1
560.jpg,1
561.jpg,1
562.jpg,1
563.jpg,0
564.jpg,0
565.jpg,0
566.jpg,1
567.jpg,0
568.jpg,1
569.jpg,0
570.jpg,1
571.jpg,0
572.jpg,1
573.jpg,0
574.jpg,1
575.jpg,1
576.jpg,1
577.jpg,0
578.jpg,0
579.jpg,1
580.jpg,0
581.jpg,1
582.jpg,1
583.jpg,1
584.jpg,1
585.jpg,1
586.jpg,1
587.jpg,1
588.jpg,1
589.jpg,1
590.jpg,0
591.jpg,0
592.jpg,0
593.jpg,1
594.jpg,0
595.jpg,1
596.jpg,1
597.jpg,0
598.jpg,1
599.jpg,0
600.jpg,1
601.jpg,1
602.jpg,1
603.jpg,0
604.jpg,1
605.jpg,0
606.jpg,1
607.jpg,1
608.jpg,0
609.jpg,1
610.jpg,0
611.jpg,0
612.jpg,0
613.jpg,0
614.jpg,0
615.jpg,1
616.jpg,0
617.jpg,1
618.jpg,1
619.jpg,0
620.jpg,0
621.jpg,0
622.jpg,1
623.jpg,1
624.jpg,0
625.jpg,0
626.jpg,0
627.jpg,1
628.jpg,0
629.jpg,1
630.jpg,1
631.jpg,1
632.jpg,0
633.jpg,0
634.jpg,1
635.jpg,1
636.jpg,1
637.jpg,0
638.jpg,1
639.jpg,0
640.jpg,1
641.jpg,1
642.jpg,0
643.jpg,1
644.jpg,0
645.jpg,1
646.jpg,0
647.jpg,1
648.jpg,1
649.jpg,0
650.jpg,1
651.jpg,0
652.jpg,1
653.jpg,0
654.jpg,1
655.jpg,1
656.jpg,1
657.jpg,0
658.jpg,1
659.jpg,0
660.jpg,1
661.jpg,0
662.jpg,0
663.jpg,1
664.jpg,0
665.jpg,1
666.jpg,0
667.jpg,0
668.jpg,0
669.jpg,1
670.jpg,1
671.jpg,1
672.jpg,0
673.jpg,0
674.jpg,0
675.jpg,1
676.jpg,1
677.jpg,0
678.jpg,0
679.jpg,0
680.jpg,1
681.jpg,0
682.jpg,0
683.jpg,1
684.jpg,0
685.jpg,1
686.jpg,1
687.jpg,0
688.jpg,1
689.jpg,0
690.jpg,1
691.jpg,1
692.jpg,1
693.jpg,1
694.jpg,0
695.jpg,1
696.jpg,1
697.jpg,0
698.jpg,1
699.jpg,1
700.jpg,1
701.jpg,0
702.jpg,0
703.jpg,1
704.jpg,1
705.jpg,1
706.jpg,1
707.jpg,1
708.jpg,0
709.jpg,0
710.jpg,0
711.jpg,0
712.jpg,1
713.jpg,1
714.jpg,1
715.jpg,0
716.jpg,0
717.jpg,0
718.jpg,1
719.jpg,0
720.jpg,0
721.jpg,1
722.jpg,0
723.jpg,0
724.jpg,1
725.jpg,0
726.jpg,0
727.jpg,1
728.jpg,0
729.jpg,0
730.jpg,1
731.jpg,1
732.jpg,1
733.jpg,0
734.jpg,0
735.jpg,0
736.jpg,1
737.jpg,0
738.jpg,1
739.jpg,0
740.jpg,0
741.jpg,1
742.jpg,1
743.jpg,1
744.jpg,0
745.jpg,1
746.jpg,1
747.jpg,0
748.jpg,0
749.jpg,0
750.jpg,1
751.jpg,0
752.jpg,1
753.jpg,0
754.jpg,1
755.jpg,1
756.jpg,1
757.jpg,1
758.jpg,0
759.jpg,0
760.jpg,0
761.jpg,0
762.jpg,0
763.jpg,1
764.jpg,0
765.jpg,1
766.jpg,1
767.jpg,0
768.jpg,1
769.jpg,0
770.jpg,0
771.jpg,0
772.jpg,0
773.jpg,0
774.jpg,1
775.jpg,1
776.jpg,1
777.jpg,1
778.jpg,1
779.jpg,1
780.jpg,0
781.jpg,1
782.jpg,0
783.jpg,1
784.jpg,0
785.jpg,0
786.jpg,0
787.jpg,1
788.jpg,1
789.jpg,1
790.jpg,0
791.jpg,1
792.jpg,0
793.jpg,1
794.jpg,1
795.jpg,0
796.jpg,0
797.jpg,1
798.jpg,0
799.jpg,0
800.jpg,0
801.jpg,1
802.jpg,1
803.jpg,1
804.jpg,1
805.jpg,0
806.jpg,0
807.jpg,1
808.jpg,1
809.jpg,0
810.jpg,1
811.jpg,0
812.jpg,0
813.jpg,0
814.jpg,0
815.jpg,0
816.jpg,0
817.jpg,0
818.jpg,1
819.jpg,1
820.jpg,0
821.jpg,1
822.jpg,1
823.jpg,1
824.jpg,0
825.jpg,1
826.jpg,0
827.jpg,0
828.jpg,0
829.jpg,0
830.jpg,0
831.jpg,0
832.jpg,0
833.jpg,0
834.jpg,0
835.jpg,1
836.jpg,1
837.jpg,0
838.jpg,1
839.jpg,1
840.jpg,0
841.jpg,1
842.jpg,1
843.jpg,0
844.jpg,0
845.jpg,0
846.jpg,0
847.jpg,1
848.jpg,1
849.jpg,1
850.jpg,0
851.jpg,1
852.jpg,0
853.jpg,0
854.jpg,1
855.jpg,1
856.jpg,1
857.jpg,1
858.jpg,1
859.jpg,0
860.jpg,1
861.jpg,0
862.jpg,0
863.jpg,0
864.jpg,1
865.jpg,1
866.jpg,1
867.jpg,1
868.jpg,0
869.jpg,1
870.jpg,1
871.jpg,1
872.jpg,0
873.jpg,1
874.jpg,0
875.jpg,1
876.jpg,1
877.jpg,1
878.jpg,1
879.jpg,0
880.jpg,1
881.jpg,1
882.jpg,1
883.jpg,1
884.jpg,0
885.jpg,0
886.jpg,0
887.jpg,1
888.jpg,1
889.jpg,0
890.jpg,1
891.jpg,1
892.jpg,1
893.jpg,0
894.jpg,1
895.jpg,1
896.jpg,0
897.jpg,1
898.jpg,1
899.jpg,1
900.jpg,0
901.jpg,1
902.jpg,1
903.jpg,0
904.jpg,0
905.jpg,0
906.jpg,1
907.jpg,1
908.jpg,1
909.jpg,0
910.jpg,1
911.jpg,0
912.jpg,1
913.jpg,0
914.jpg,0
915.jpg,0
916.jpg,1
917.jpg,0
918.jpg,0
919.jpg,1
920.jpg,0
921.jpg,0
922.jpg,0
923.jpg,1
924.jpg,1
925.jpg,0
926.jpg,0
927.jpg,1
928.jpg,0
929.jpg,1
930.jpg,0
931.jpg,1
932.jpg,0
933.jpg,0
934.jpg,0
935.jpg,1
936.jpg,0
937.jpg,1
938.jpg,1
939.jpg,1
940.jpg,0
941.jpg,1
942.jpg,0
943.jpg,0
944.jpg,0
945.jpg,0
